ID_Uzorka;GPS_LAT;GPS_LONG
1;18,481425;77,397506
2;18,475628;77,39451
3;18,483655;77,384426
4;18,471533;77,385797
5;18,455054;77,389069
6;18,489943;77,385019
7;18,485683;77,3817
8;18,473468;77,384939
9;18,456118;77,387374
10;18,48394;77,360506
11;18,499315;77,383809
12;18,483279;77,382423
13;18,470366;77,388536
14;18,495239;77,384084
15;18,490864;77,395779
16;18,49091;77,379465
17;18,475549;77,387374
18;18,489274;77,390686
19;18,495534;77,386136
20;18,458393;77,400967
21;18,485154;77,381463
22;18,483887;77,389354
23;18,480941;77,393138
24;18,466573;77,391841
25;18,475527;77,400754
26;18,463882;77,404123
27;18,4798;77,384386
28;18,505698;77,389209
29;18,470527;77,403189
30;18,472803;77,387055
31;18,463488;77,386875
32;18,470579;77,388709
33;18,463158;77,381143
34;18,477418;77,397012
35;18,464203;77,370535
36;18,498531;77,402102
37;18,48636;77,380326
38;18,482218;77,388974
39;18,498285;77,385506
40;18,486514;77,401692
41;18,47416;77,383965
42;18,480609;77,369483
43;18,475935;77,376276
44;18,481599;77,380435
45;18,497456;77,395187
46;18,484663;77,394626
47;18,466795;77,391211
48;18,47147;77,397168
49;18,471108;77,388722
50;18,476939;77,399238
51;18,474189;77,390447
52;18,490268;77,385292
53;18,475959;77,400008
54;18,481454;77,385853
55;18,48435;77,393212
56;18,488698;77,393068
57;18,472841;77,403322
58;18,478325;77,387949
59;18,486265;77,392333
60;18,483827;77,387567
61;18,475405;77,381926
62;18,469307;77,386172
63;18,483179;77,379704
64;18,499097;77,385925
65;18,480629;77,402706
66;18,486856;77,393126
67;18,464381;77,390001
68;18,484051;77,394958
69;18,48364;77,384524
70;18,483536;77,389098
71;18,470008;77,398518
72;18,490774;77,362608
73;18,478682;77,376124
74;18,491828;77,382949
75;18,481839;77,396686
76;18,499182;77,374675
77;18,47083;77,378351
78;18,476045;77,385213
79;18,471788;77,370419
80;18,487022;77,384619
81;18,480713;77,379745
82;18,463808;77,393199
83;18,481095;77,395571
84;18,481963;77,388977
85;18,483;77,382684
86;18,490018;77,396358
87;18,482645;77,415115
88;18,464634;77,384805
89;18,478992;77,381279
90;18,474985;77,382173
91;18,495667;77,411013
92;18,464174;77,392417
93;18,496972;77,395723
94;18,51105;77,39483
95;18,464915;77,404036
96;18,475523;77,401684
97;18,4776;77,384299
98;18,479185;77,381208
99;18,497191;77,389272
100;18,492528;77,396837
101;18,48468;77,401107
102;18,464756;77,400047
103;18,450423;77,384711
104;18,484616;77,369569
105;18,476551;77,387984
106;18,473481;77,386247
107;18,468484;77,390165
108;18,47639;77,388524
109;18,472273;77,38687
110;18,47725;77,388951
111;18,49193;77,392147
112;18,486442;77,393699
113;18,489824;77,39813
114;18,46726;77,404008
115;18,497701;77,376157
116;18,474027;77,393791
117;18,496946;77,399933
118;18,484979;77,396417
119;18,47981;77,381354
120;18,471133;77,381852
121;18,473076;77,399964
122;18,457099;77,375052
123;18,489466;77,37578
124;18,47723;77,398501
125;18,479334;77,400372
126;18,474274;77,374996
127;18,491127;77,394339
128;18,478964;77,378971
129;18,494305;77,379127
130;18,471355;77,390759
131;18,47628;77,384154
132;18,489426;77,38193
133;18,479519;77,384381
134;18,47298;77,380501
135;18,471301;77,383276
136;18,465649;77,373438
137;18,491185;77,391912
138;18,469076;77,395901
139;18,484604;77,37434
140;18,49337;77,39848
141;18,486695;77,391886
142;18,491694;77,38464
143;18,489168;77,386961
144;18,483808;77,381222
145;18,485873;77,398616
146;18,46944;77,391611
147;18,472443;77,378855
148;18,482417;77,391777
149;18,462233;77,412465
150;18,486173;77,385378
151;18,481938;77,399042
152;18,484808;77,392845
153;18,493919;77,384504
154;18,478418;77,394039
155;18,505289;77,401873
156;18,483008;77,373753
157;18,4858;77,379026
158;18,457958;77,388455
159;18,493751;77,401382
160;18,493451;77,400165
161;18,472257;77,378562
162;18,4896;77,403027
163;18,472153;77,372394
164;18,465267;77,394969
165;18,481095;77,385613
166;18,475797;77,377165
167;18,483215;77,382477
168;18,479639;77,377654
169;18,479565;77,385398
170;18,49077;77,382154
171;18,501969;77,394367
172;18,470573;77,381828
173;18,46995;77,387267
174;18,493175;77,414602
175;18,489238;77,390101
176;18,486672;77,391927
177;18,491983;77,395914
178;18,469631;77,393968
179;18,493262;77,396819
180;18,485046;77,378436
181;18,475597;77,394721
182;18,477691;77,378242
183;18,485397;77,383209
184;18,479679;77,392266
185;18,486919;77,389586
186;18,498944;77,396308
187;18,474217;77,410819
188;18,488599;77,387962
189;18,477516;77,392583
190;18,494898;77,388845
191;18,490596;77,383469
192;18,481536;77,396495
193;18,483518;77,418129
194;18,474767;77,380739
195;18,479752;77,38501
196;18,489255;77,37825
197;18,480936;77,381032
198;18,498618;77,3914
199;18,485352;77,395335
200;18,478521;77,400291
201;18,479151;77,373307
202;18,473841;77,390537
203;18,489168;77,367449
204;18,475147;77,389379
205;18,460316;77,374611
206;18,465323;77,398655
207;18,489217;77,373613
208;18,483826;77,377229
209;18,48391;77,3888
210;18,486964;77,38812
211;18,487717;77,395498
212;18,497621;77,387897
213;18,478285;77,384958
214;18,482769;77,386053
215;18,476881;77,387613
216;18,4833;77,387928
217;18,464674;77,387162
218;18,468492;77,38655
219;18,493239;77,377004
220;18,477084;77,389186
221;18,478999;77,402135
222;18,47626;77,401829
223;18,468986;77,381319
224;18,467079;77,394994
225;18,474249;77,382878
226;18,491942;77,384523
227;18,483883;77,404032
228;18,485763;77,388165
229;18,478835;77,385393
230;18,481015;77,390343
231;18,484309;77,376711
232;18,467078;77,39672
233;18,481334;77,384584
234;18,482376;77,409768
235;18,482222;77,400808
236;18,470016;77,401835
237;18,492574;77,38988
238;18,475745;77,389421
239;18,492571;77,394329
240;18,49092;77,407359
241;18,486454;77,389008
242;18,492809;77,388781
243;18,479117;77,377407
244;18,473939;77,387455
245;18,478587;77,381099
246;18,475512;77,377697
247;18,482806;77,387456
248;18,49184;77,390359
249;18,478262;77,373844
250;18,475211;77,396491
251;18,47057;77,411505
252;18,496275;77,399768
253;18,477822;77,373377
254;18,485844;77,382569
255;18,476072;77,381773
256;18,479996;77,381238
257;18,461402;77,417125
258;18,491506;77,383869
259;18,478945;77,396159
260;18,472742;77,393427
261;18,495378;77,39205
262;18,477563;77,389083
263;18,497972;77,393662
264;18,483652;77,389234
265;18,493065;77,393028
266;18,503783;77,406565
267;18,481935;77,390305
268;18,479144;77,39319
269;18,493085;77,385116
270;18,491671;77,388387
271;18,482253;77,396431
272;18,47234;77,375669
273;18,481592;77,386914
274;18,490709;77,387122
275;18,493924;77,392909
276;18,491129;77,380736
277;18,491981;77,395727
278;18,487889;77,396834
279;18,477706;77,389196
280;18,485627;77,37798
281;18,483724;77,39773
282;18,468052;77,408484
283;18,467451;77,370519
284;18,490213;77,396919
285;18,484726;77,389873
286;18,480672;77,373525
287;18,464648;77,374136
288;18,48758;77,399223
289;18,464916;77,376013
290;18,482425;77,386213
291;18,487334;77,388603
292;18,468199;77,388049
293;18,490469;77,400816
294;18,465194;77,382287
295;18,468405;77,388933
296;18,488605;77,380359
297;18,480769;77,391218
298;18,473309;77,400649
299;18,473391;77,389616
300;18,473382;77,390052
301;18,489863;77,392886
302;18,481187;77,400754
303;18,488282;77,392147
304;18,477434;77,395179
305;18,482184;77,38374
306;18,468645;77,367731
307;18,470179;77,390612
308;18,479332;77,38142
309;18,466386;77,402696
310;18,487926;77,403839
311;18,487564;77,399442
312;18,497401;77,372489
313;18,496607;77,394799
314;18,484643;77,37869
315;18,479619;77,376906
316;18,482664;77,385957
317;18,475187;77,389115
318;18,491057;77,390451
319;18,479296;77,374815
320;18,493875;77,403149
321;18,479106;77,403552
322;18,484856;77,386859
323;18,486822;77,40043
324;18,474998;77,400042
325;18,49371;77,386503
326;18,481784;77,399235
327;18,462728;77,375069
328;18,47177;77,396057
329;18,479674;77,411473
330;18,472854;77,389379
331;18,481785;77,399754
332;18,471495;77,371689
333;18,488917;77,390565
334;18,493652;77,401996
335;18,504881;77,368294
336;18,479058;77,378625
337;18,465379;77,390462
338;18,468379;77,37095
339;18,491635;77,376634
340;18,485675;77,382907
341;18,485388;77,372004
342;18,477563;77,395834
343;18,474427;77,406097
344;18,485801;77,393431
345;18,483767;77,408353
346;18,470726;77,40286
347;18,478692;77,38036
348;18,475273;77,39936
349;18,481981;77,400172
350;18,475348;77,391758
351;18,472649;77,378143
352;18,483884;77,396
353;18,485783;77,377883
354;18,475658;77,363934
355;18,480983;77,402807
356;18,471515;77,392328
357;18,465294;77,391104
358;18,467086;77,396935
359;18,478021;77,397537
360;18,479618;77,399642
361;18,468972;77,37291
362;18,478909;77,385739
363;18,471714;77,377503
364;18,479042;77,392551
365;18,476941;77,386998
366;18,466584;77,397558
367;18,482354;77,388029
368;18,474668;77,391436
369;18,483971;77,390345
370;18,479046;77,394255
371;18,472788;77,405351
372;18,47501;77,371633
373;18,458415;77,404816
374;18,477372;77,385532
375;18,481872;77,391132
376;18,47951;77,401335
377;18,484041;77,373057
378;18,470534;77,374918
379;18,478816;77,392699
380;18,473832;77,385514
381;18,474597;77,393663
382;18,478664;77,385831
383;18,46999;77,387911
384;18,478502;77,403293
385;18,480145;77,383995
386;18,471843;77,399333
387;18,457962;77,381079
388;18,473279;77,402719
389;18,498129;77,382827
390;18,480311;77,392935
391;18,472493;77,398667
392;18,496821;77,395537
393;18,467328;77,398355
394;18,46752;77,394754
395;18,483981;77,385805
396;18,487234;77,394376
397;18,474847;77,396023
398;18,478364;77,41913
399;18,485353;77,384405
400;18,466112;77,399811
401;18,482776;77,390993
402;18,493671;77,383689
403;18,481101;77,387329
404;18,4801;77,384878
405;18,478869;77,384181
406;18,493356;77,387237
407;18,482099;77,403109
408;18,476837;77,390214
409;18,474524;77,388328
410;18,470352;77,385686
411;18,488484;77,378156
412;18,481189;77,393614
413;18,486258;77,399713
414;18,467221;77,380203
415;18,473828;77,385993
416;18,476035;77,380418
417;18,478554;77,373764
418;18,496821;77,382181
419;18,47303;77,380833
420;18,482932;77,381483
421;18,481061;77,394947
422;18,483506;77,394662
423;18,467795;77,389186
424;18,479426;77,383208
425;18,478951;77,376277
426;18,486967;77,377039
427;18,4799;77,401859
428;18,476263;77,406048
429;18,477715;77,384195
430;18,466704;77,395279
431;18,495779;77,393423
432;18,462965;77,399917
433;18,466315;77,39669
434;18,473168;77,395825
435;18,467372;77,389103
436;18,487619;77,372302
437;18,470457;77,406434
438;18,470404;77,387399
439;18,478976;77,407332
440;18,490124;77,383007
441;18,484521;77,389723
442;18,472003;77,379693
443;18,477619;77,384936
444;18,481818;77,383365
445;18,468903;77,404245
446;18,477241;77,395078
447;18,485078;77,389423
448;18,480471;77,375829
449;18,501062;77,389407
450;18,475782;77,397253
451;18,481598;77,388059
452;18,480347;77,391706
453;18,474582;77,384717
454;18,479749;77,39466
455;18,480083;77,381807
456;18,466773;77,39448
457;18,480545;77,375782
458;18,468082;77,381333
459;18,467915;77,395845
460;18,480823;77,37835
461;18,467907;77,363875
462;18,477139;77,390877
463;18,489524;77,389818
464;18,486334;77,399062
465;18,482852;77,38792
466;18,461615;77,380878
467;18,489277;77,390575
468;18,491617;77,392497
469;18,485048;77,372736
470;18,478194;77,376679
471;18,484818;77,379691
472;18,48574;77,400302
473;18,493445;77,37915
474;18,497001;77,392796
475;18,485522;77,382922
476;18,468124;77,369553
477;18,487415;77,370181
478;18,489948;77,393269
479;18,482601;77,375774
480;18,474616;77,398728
481;18,478866;77,383635
482;18,490088;77,404486
483;18,485798;77,393824
484;18,470352;77,387932
485;18,483397;77,396321
486;18,484983;77,401867
487;18,469252;77,390856
488;18,487325;77,375818
489;18,483629;77,384072
490;18,487682;77,382555
491;18,46427;77,387665
492;18,478675;77,391557
493;18,483631;77,397947
494;18,482843;77,377836
495;18,447603;77,385439
496;18,486782;77,368918
497;18,463112;77,38038
498;18,503044;77,395556
499;18,476053;77,385635
500;18,472038;77,407625
501;18,479748;77,395019
502;18,46952;77,373395
503;18,471635;77,385734
504;18,470697;77,401703
505;18,49569;77,38778
506;18,470348;77,388391
507;18,498419;77,387016
508;18,481508;77,385814
509;18,478463;77,396725
510;18,480142;77,384894
511;18,494371;77,390863
512;18,476831;77,396848
513;18,484016;77,390282
514;18,494943;77,399959
515;18,489331;77,375239
516;18,471696;77,383753
517;18,479003;77,406641
518;18,476892;77,39522
519;18,457876;77,402164
520;18,470624;77,393281
521;18,485577;77,37641
522;18,465887;77,397106
523;18,491195;77,382553
524;18,466449;77,359215
525;18,504667;77,383068
526;18,462781;77,394945
527;18,476385;77,395207
528;18,470162;77,390046
529;18,481818;77,388216
530;18,478073;77,405305
531;18,465055;77,388987
532;18,474938;77,392255
533;18,482321;77,374214
534;18,473956;77,383328
535;18,477656;77,404308
536;18,488908;77,394067
537;18,491033;77,374728
538;18,474555;77,397508
539;18,485656;77,376265
540;18,479321;77,394923
541;18,47555;77,371029
542;18,485578;77,390173
543;18,48258;77,405163
544;18,477862;77,388537
545;18,477178;77,400552
546;18,470911;77,370981
547;18,470628;77,384227
548;18,467257;77,389056
549;18,493432;77,393465
550;18,48119;77,37988
551;18,476545;77,385633
552;18,489561;77,372077
553;18,479779;77,380819
554;18,490534;77,367615
555;18,483549;77,389922
556;18,484326;77,386686
557;18,477482;77,391294
558;18,477749;77,413443
559;18,480927;77,399788
560;18,495983;77,382413
561;18,464874;77,391896
562;18,473582;77,392304
563;18,472581;77,3755
564;18,47284;77,397844
565;18,459383;77,392064
566;18,484468;77,400677
567;18,485992;77,377962
568;18,491774;77,378084
569;18,48418;77,398173
570;18,463261;77,393066
571;18,476955;77,391503
572;18,480919;77,403029
573;18,492618;77,414698
574;18,490052;77,394112
575;18,47693;77,374293
576;18,47777;77,380354
577;18,489964;77,391558
578;18,479514;77,404797
579;18,482237;77,380889
580;18,488105;77,406221
581;18,496662;77,382435
582;18,498041;77,385016
583;18,480801;77,388595
584;18,47296;77,38082
585;18,47986;77,388417
586;18,467648;77,382775
587;18,484657;77,379776
588;18,461031;77,419772
589;18,488113;77,398876
590;18,476806;77,394019
591;18,469162;77,391622
592;18,492249;77,382796
593;18,493218;77,386935
594;18,470589;77,39225
595;18,473807;77,398533
596;18,493796;77,389574
597;18,491815;77,375645
598;18,472695;77,390428
599;18,484703;77,395529
600;18,453779;77,3879
601;18,4773;77,411512
602;18,493503;77,385682
603;18,478779;77,385461
604;18,472917;77,401867
605;18,49744;77,395553
606;18,513383;77,409873
607;18,486449;77,38309
608;18,471502;77,379085
609;18,466124;77,383777
610;18,479526;77,379516
611;18,474576;77,400288
612;18,489725;77,396221
613;18,460419;77,402521
614;18,491385;77,357551
615;18,495126;77,383602
616;18,483054;77,387985
617;18,454594;77,38891
618;18,498211;77,395814
619;18,496326;77,38349
620;18,472616;77,39606
621;18,485525;77,389625
622;18,476735;77,372174
623;18,475528;77,383461
624;18,468244;77,390284
625;18,48479;77,402533
626;18,481993;77,395119
627;18,482565;77,40051
628;18,489362;77,384729
629;18,476845;77,375203
630;18,474327;77,382902
631;18,488322;77,388978
632;18,472325;77,37842
633;18,475939;77,399004
634;18,488454;77,399011
635;18,477361;77,38423
636;18,479075;77,391811
637;18,493514;77,393914
638;18,4853;77,407501
639;18,483281;77,384123
640;18,471815;77,39075
641;18,465212;77,384789
642;18,505597;77,395069
643;18,470851;77,3929
644;18,497638;77,393963
645;18,477924;77,390545
646;18,472263;77,37653
647;18,500622;77,388121
648;18,478836;77,390947
649;18,496846;77,386415
650;18,476078;77,396054
651;18,487183;77,384342
652;18,478415;77,382041
653;18,467347;77,381839
654;18,481198;77,396019
655;18,477114;77,386919
656;18,482335;77,392317
657;18,486702;77,396136
658;18,469726;77,394633
659;18,476067;77,391112
660;18,478275;77,411695
661;18,477266;77,3956
662;18,49147;77,383526
663;18,471523;77,382359
664;18,504164;77,389012
665;18,485399;77,391274
666;18,495703;77,399394
667;18,486527;77,394876
668;18,478716;77,399462
669;18,476503;77,374911
670;18,473866;77,382432
671;18,473546;77,399775
672;18,462569;77,382546
673;18,465502;77,375292
674;18,480969;77,386959
675;18,476632;77,387998
676;18,469716;77,381748
677;18,482993;77,375936
678;18,487979;77,40249
679;18,488334;77,381454
680;18,493485;77,368858
681;18,476386;77,392069
682;18,474883;77,386057
683;18,487664;77,388479
684;18,479636;77,397964
685;18,480602;77,392118
686;18,485247;77,398746
687;18,477913;77,406369
688;18,476607;77,403249
689;18,485221;77,386789
690;18,482932;77,389262
691;18,486235;77,406902
692;18,487035;77,393043
693;18,484877;77,391085
694;18,480385;77,389899
695;18,487855;77,384216
696;18,490524;77,38398
697;18,483472;77,373376
698;18,495804;77,392866
699;18,483251;77,380171
700;18,466607;77,37604
701;18,481304;77,402158
702;18,455964;77,404462
703;18,476738;77,391821
704;18,475697;77,383074
705;18,471913;77,396321
706;18,484509;77,386348
707;18,488471;77,388269
708;18,486389;77,406343
709;18,467339;77,385766
710;18,483763;77,394154
711;18,487629;77,388334
712;18,482147;77,380842
713;18,481597;77,379554
714;18,467362;77,38481
715;18,467473;77,382614
716;18,489011;77,384959
717;18,478692;77,404538
718;18,475441;77,389593
719;18,473866;77,407351
720;18,486473;77,385945
721;18,495361;77,401386
722;18,480293;77,380357
723;18,494332;77,406402
724;18,491616;77,391303
725;18,494137;77,402213
726;18,480385;77,382196
727;18,474693;77,393833
728;18,475279;77,392353
729;18,494262;77,378486
730;18,485886;77,387598
731;18,49242;77,394071
732;18,456842;77,386408
733;18,465946;77,385807
734;18,467013;77,395072
735;18,498676;77,409393
736;18,480256;77,377915
737;18,467896;77,393035
738;18,477206;77,394839
739;18,482206;77,366443
740;18,472598;77,403008
741;18,471689;77,391119
742;18,484921;77,373965
743;18,480292;77,388024
744;18,493631;77,390492
745;18,487102;77,393443
746;18,491036;77,387885
747;18,497041;77,402097
748;18,477455;77,374993
749;18,489582;77,397476
750;18,473248;77,380415
751;18,48841;77,386078
752;18,487361;77,385291
753;18,468514;77,383139
754;18,488327;77,399458
755;18,478903;77,377932
756;18,470432;77,374351
757;18,489902;77,40633
758;18,46759;77,401639
759;18,471271;77,390046
760;18,493319;77,398187
761;18,456792;77,395359
762;18,505628;77,390565
763;18,478483;77,372165
764;18,469821;77,389334
765;18,483903;77,375288
766;18,472499;77,383953
767;18,475163;77,405582
768;18,467951;77,387497
769;18,491919;77,401415
770;18,467366;77,39232
771;18,476346;77,390939
772;18,4663;77,391147
773;18,479648;77,385836
774;18,48251;77,379693
775;18,477557;77,368312
776;18,503596;77,381334
777;18,473402;77,389737
778;18,470343;77,374562
779;18,491583;77,381248
780;18,487562;77,377358
781;18,480779;77,387478
782;18,478244;77,398158
783;18,494216;77,394001
784;18,490028;77,3911
785;18,497251;77,396175
786;18,473241;77,411072
787;18,476315;77,388275
788;18,481981;77,396661
789;18,483035;77,39007
790;18,482081;77,363665
791;18,484074;77,412218
792;18,493772;77,375926
793;18,481358;77,391672
794;18,492148;77,384705
795;18,473455;77,386876
796;18,482728;77,395109
797;18,485015;77,389374
798;18,479993;77,388856
799;18,4983;77,382658
800;18,496454;77,405407
801;18,476487;77,391151
802;18,47912;77,370399
803;18,474446;77,377836
804;18,464976;77,387399
805;18,47517;77,374349
806;18,491898;77,395975
807;18,467407;77,394955
808;18,498119;77,401128
809;18,483562;77,395043
810;18,467631;77,378411
811;18,496479;77,378902
812;18,471781;77,373044
813;18,495709;77,393936
814;18,470312;77,388268
815;18,482175;77,386333
816;18,494897;77,392814
817;18,47828;77,390073
818;18,480494;77,380261
819;18,472535;77,395374
820;18,469242;77,39234
821;18,49288;77,382689
822;18,465306;77,378169
823;18,47025;77,392481
824;18,466986;77,403447
825;18,485213;77,389331
826;18,46129;77,387982
827;18,477392;77,395617
828;18,481913;77,390269
829;18,483785;77,38826
830;18,482331;77,389084
831;18,466357;77,412199
832;18,482291;77,376858
833;18,463255;77,397358
834;18,502598;77,38763
835;18,484076;77,39835
836;18,481983;77,38797
837;18,484903;77,393803
838;18,478709;77,391816
839;18,472434;77,377654
840;18,465368;77,393253
841;18,473535;77,384086
842;18,475176;77,39278
843;18,498802;77,387227
844;18,471172;77,388509
845;18,491021;77,400137
846;18,484329;77,392145
847;18,481309;77,39433
848;18,494626;77,387508
849;18,495522;77,388238
850;18,485488;77,395376
851;18,475323;77,391129
852;18,483487;77,385085
853;18,46272;77,409968
854;18,49578;77,378331
855;18,474325;77,393363
856;18,496888;77,379328
857;18,483464;77,397256
858;18,491591;77,378763
859;18,477398;77,392737
860;18,463439;77,392914
861;18,46755;77,380924
862;18,487593;77,375324
863;18,474077;77,394071
864;18,477319;77,378916
865;18,482317;77,386454
866;18,482095;77,390401
867;18,47537;77,404126
868;18,482182;77,4112
869;18,486047;77,380932
870;18,498639;77,382203
871;18,480221;77,373816
872;18,481287;77,383284
873;18,491503;77,382302
874;18,477507;77,380684
875;18,475716;77,401518
876;18,468364;77,38029
877;18,484141;77,39003
878;18,500864;77,403004
879;18,468176;77,395558
880;18,46523;77,403648
881;18,492225;77,393833
882;18,471416;77,387962
883;18,487388;77,401114
884;18,488909;77,374245
885;18,478637;77,414334
886;18,478897;77,37072
887;18,483686;77,387578
888;18,481996;77,382967
889;18,481089;77,399975
890;18,480389;77,39235
891;18,488116;77,386859
892;18,501476;77,401519
893;18,480212;77,387532
894;18,471127;77,390388
895;18,485425;77,395784
896;18,484923;77,398615
897;18,486392;77,4056
898;18,473505;77,415521
899;18,493131;77,390438
900;18,47289;77,373741
901;18,462641;77,394288
902;18,504283;77,393696
903;18,470961;77,396495
904;18,490142;77,389168
905;18,488585;77,387113
906;18,465842;77,39217
907;18,496128;77,381127
908;18,48709;77,39137
909;18,477177;77,394665
910;18,469724;77,376536
911;18,475806;77,378728
912;18,472724;77,38654
913;18,477914;77,373454
914;18,4528;77,383629
915;18,468183;77,389466
916;18,469745;77,385599
917;18,478507;77,388996
918;18,492689;77,387261
919;18,47431;77,382989
920;18,477462;77,376302
921;18,48134;77,384923
922;18,479514;77,384807
923;18,490662;77,396
924;18,463168;77,398471
925;18,47222;77,37955
926;18,487574;77,381645
927;18,477106;77,387894
928;18,491812;77,38281
929;18,481863;77,383195
930;18,488052;77,38335
931;18,460761;77,380653
932;18,481046;77,389413
933;18,484521;77,389581
934;18,47567;77,376306
935;18,478187;77,384482
936;18,479549;77,391228
937;18,481377;77,387472
938;18,465109;77,379255
939;18,477304;77,405552
940;18,483768;77,378083
941;18,473839;77,387207
942;18,478094;77,381484
943;18,473843;77,380541
944;18,486419;77,397839
945;18,468538;77,389363
946;18,490627;77,392974
947;18,460002;77,394783
948;18,483988;77,393591
949;18,471855;77,394534
950;18,475407;77,38959
951;18,489206;77,389127
952;18,475683;77,387784
953;18,475532;77,395202
954;18,47882;77,389889
955;18,470502;77,381111
956;18,478544;77,392684
957;18,458955;77,388399
958;18,499932;77,401681
959;18,473785;77,409742
960;18,474142;77,386347
961;18,474345;77,393456
962;18,504062;77,396537
963;18,484545;77,374688
964;18,467864;77,39514
965;18,492233;77,396788
966;18,476213;77,390042
967;18,486927;77,38819
968;18,486531;77,396033
969;18,474552;77,401543
970;18,463401;77,387038
971;18,476028;77,384401
972;18,489955;77,375092
973;18,471415;77,383627
974;18,448864;77,39094
975;18,479025;77,385928
976;18,485118;77,393604
977;18,468352;77,407357
978;18,48041;77,374833
979;18,486195;77,388492
980;18,482236;77,390592
981;18,452494;77,376952
982;18,485339;77,394589
983;18,484353;77,392473
984;18,483225;77,398651
985;18,482555;77,396227
986;18,467084;77,38035
987;18,480552;77,385287
988;18,501636;77,392446
989;18,493404;77,381458
990;18,481874;77,376347
991;18,484702;77,393407
992;18,475773;77,39599
993;18,481816;77,390525
994;18,4911;77,395294
995;18,488036;77,389346
996;18,478995;77,389773
997;18,476655;77,37646
998;18,491003;77,377611
999;18,482493;77,367123
1000;18,475706;77,378918
1001;18,475935;77,385189
1002;18,493132;77,386575
1003;18,488618;77,399523
1004;18,489295;77,382543
1005;18,469372;77,393992
1006;18,466424;77,38408
1007;18,48846;77,382199
1008;18,476041;77,382993
1009;18,461524;77,405799
1010;18,476843;77,387379
1011;18,473493;77,389394
1012;18,481753;77,381466
1013;18,46795;77,360844
1014;18,470569;77,37974
1015;18,486645;77,385325
1016;18,464361;77,374983
1017;18,477168;77,374661
1018;18,481679;77,381406
1019;18,496972;77,393455
1020;18,483148;77,384181
1021;18,480344;77,393537
1022;18,480072;77,386781
1023;18,483218;77,382093
1024;18,480818;77,378263
1025;18,500023;77,406611
1026;18,460569;77,383522
1027;18,481244;77,397111
1028;18,487632;77,394747
1029;18,465488;77,386508
1030;18,487732;77,384018
1031;18,494334;77,390814
1032;18,482816;77,403327
1033;18,473383;77,382446
1034;18,475356;77,36237
1035;18,467397;77,376305
1036;18,490074;77,388493
1037;18,466092;77,376272
1038;18,486797;77,396699
1039;18,466995;77,403631
1040;18,482256;77,373152
1041;18,479639;77,385594
1042;18,483951;77,396237
1043;18,479506;77,393636
1044;18,485734;77,399201
1045;18,480107;77,396167
1046;18,489548;77,376234
1047;18,484155;77,374335
1048;18,484465;77,386616
1049;18,486259;77,386712
1050;18,478666;77,410384
1051;18,475489;77,388415
1052;18,495034;77,399016
1053;18,483463;77,375957
1054;18,483435;77,388338
1055;18,484206;77,402663
1056;18,481524;77,381112
1057;18,473064;77,389991
1058;18,475793;77,37833
1059;18,47744;77,394998
1060;18,478576;77,390044
1061;18,481595;77,390317
1062;18,461243;77,395295
1063;18,501054;77,388037
1064;18,475719;77,387443
1065;18,475694;77,385964
1066;18,48039;77,398278
1067;18,489236;77,377055
1068;18,481721;77,398915
1069;18,471059;77,388404
1070;18,493438;77,404513
1071;18,477225;77,390019
1072;18,489411;77,386861
1073;18,48739;77,389795
1074;18,479421;77,390549
1075;18,490641;77,3914
1076;18,483172;77,383414
1077;18,487791;77,399217
1078;18,472344;77,396463
1079;18,466651;77,385507
1080;18,475434;77,392074
1081;18,474774;77,387968
1082;18,469594;77,370214
1083;18,483689;77,397831
1084;18,502513;77,403534
1085;18,490295;77,387461
1086;18,478722;77,378163
1087;18,475573;77,397115
1088;18,48103;77,390781
1089;18,481454;77,37454
1090;18,481009;77,383696
1091;18,47011;77,406964
1092;18,468606;77,394082
1093;18,471707;77,372656
1094;18,46732;77,399664
1095;18,482091;77,387683
1096;18,475616;77,383939
1097;18,482393;77,369143
1098;18,477479;77,402012
1099;18,471117;77,397172
1100;18,4859;77,372975
1101;18,487751;77,403565
1102;18,470048;77,395677
1103;18,470634;77,388599
1104;18,464692;77,3871
1105;18,474517;77,379547
1106;18,465699;77,379265
1107;18,473633;77,382826
1108;18,484869;77,386455
1109;18,470901;77,389368
1110;18,492949;77,394448
1111;18,483913;77,390829
1112;18,466275;77,389448
1113;18,48533;77,383858
1114;18,470764;77,388043
1115;18,4812;77,389459
1116;18,479614;77,365535
1117;18,464331;77,380943
1118;18,477963;77,392357
1119;18,470241;77,377888
1120;18,471818;77,388166
1121;18,469649;77,403428
1122;18,487193;77,389455
1123;18,476485;77,387824
1124;18,477618;77,383096
1125;18,479319;77,396325
1126;18,453432;77,38586
1127;18,487239;77,384169
1128;18,487434;77,413577
1129;18,474518;77,375703
1130;18,499187;77,368
1131;18,486916;77,395742
1132;18,472513;77,395281
1133;18,482311;77,384692
1134;18,493631;77,392873
1135;18,484187;77,383094
1136;18,48027;77,411313
1137;18,482237;77,397965
1138;18,481274;77,391647
1139;18,485472;77,396084
1140;18,502767;77,384591
1141;18,491147;77,386806
1142;18,505221;77,382304
1143;18,479758;77,37599
1144;18,490138;77,389076
1145;18,486601;77,390599
1146;18,462048;77,38642
1147;18,473885;77,383456
1148;18,486813;77,390812
1149;18,491909;77,388619
1150;18,486684;77,384484
1151;18,4996;77,381828
1152;18,478881;77,391498
1153;18,471821;77,393071
1154;18,481189;77,400507
1155;18,4735;77,386602
1156;18,461716;77,404722
1157;18,475621;77,378812
1158;18,455687;77,386627
1159;18,479562;77,388129
1160;18,470795;77,394517
1161;18,473548;77,385218
1162;18,470881;77,399645
1163;18,480692;77,393587
1164;18,487974;77,390761
1165;18,494266;77,38672
1166;18,466981;77,392687
1167;18,463663;77,401824
1168;18,481828;77,392962
1169;18,47394;77,392584
1170;18,474905;77,390097
1171;18,475477;77,396203
1172;18,482212;77,384519
1173;18,470457;77,380895
1174;18,475952;77,388548
1175;18,486232;77,383686
1176;18,485985;77,399144
1177;18,486745;77,407665
1178;18,477109;77,38855
1179;18,481786;77,385604
1180;18,469029;77,393298
1181;18,476347;77,376529
1182;18,494167;77,384688
1183;18,495349;77,393848
1184;18,472451;77,392224
1185;18,485348;77,397773
1186;18,4834;77,372114
1187;18,481964;77,365696
1188;18,467634;77,389099
1189;18,491574;77,384023
1190;18,482334;77,398911
1191;18,497115;77,377328
1192;18,490187;77,391538
1193;18,474687;77,393411
1194;18,48848;77,383339
1195;18,498478;77,40182
1196;18,494259;77,379412
1197;18,482967;77,378899
1198;18,479284;77,383178
1199;18,467083;77,386557
1200;18,480621;77,403744
1201;18,464526;77,376662
1202;18,458561;77,375953
1203;18,49443;77,406889
1204;18,469143;77,379214
1205;18,491732;77,395613
1206;18,484234;77,392733
1207;18,467775;77,381085
1208;18,487868;77,399576
1209;18,476852;77,39162
1210;18,481163;77,394993
1211;18,486302;77,389477
1212;18,483098;77,383971
1213;18,481962;77,390032
1214;18,478988;77,379378
1215;18,489577;77,389076
1216;18,483417;77,396117
1217;18,482698;77,386726
1218;18,473671;77,392624
1219;18,479649;77,382475
1220;18,485399;77,401006
1221;18,497536;77,39621
1222;18,495976;77,381711
1223;18,477408;77,400718
1224;18,464551;77,377686
1225;18,457755;77,3861
1226;18,485105;77,400325
1227;18,458258;77,397089
1228;18,485093;77,384313
1229;18,469294;77,393397
1230;18,485357;77,383521
1231;18,487542;77,384375
1232;18,480706;77,412965
1233;18,481932;77,373567
1234;18,462058;77,406094
1235;18,476782;77,377043
1236;18,469507;77,385585
1237;18,493662;77,401819
1238;18,478348;77,376472
1239;18,462012;77,370167
1240;18,484619;77,371277
1241;18,476664;77,401644
1242;18,48768;77,392244
1243;18,484429;77,374299
1244;18,496565;77,403603
1245;18,486144;77,396849
1246;18,496685;77,389563
1247;18,504614;77,381861
1248;18,481708;77,37528
1249;18,472925;77,394311
1250;18,478285;77,37867
1251;18,502274;77,393477
1252;18,488187;77,394721
1253;18,48226;77,387493
1254;18,472646;77,385742
1255;18,480896;77,382199
1256;18,465985;77,401076
1257;18,490404;77,395568
1258;18,477505;77,394312
1259;18,470625;77,380844
1260;18,475294;77,390377
1261;18,491502;77,385706
1262;18,484349;77,398637
1263;18,467106;77,385026
1264;18,498405;77,39943
1265;18,472472;77,390238
1266;18,495565;77,387104
1267;18,482827;77,385049
1268;18,485102;77,39242
1269;18,487304;77,380308
1270;18,469338;77,397519
1271;18,490785;77,387063
1272;18,485234;77,382882
1273;18,490804;77,38541
1274;18,46737;77,399553
1275;18,490022;77,397748
1276;18,486342;77,389644
1277;18,484307;77,410596
1278;18,472339;77,386517
1279;18,489604;77,387856
1280;18,465869;77,388395
1281;18,481699;77,380999
1282;18,479926;77,393846
1283;18,485616;77,38395
1284;18,459861;77,385463
1285;18,485658;77,383422
1286;18,474099;77,381381
1287;18,476291;77,389557
1288;18,468339;77,401076
1289;18,47028;77,407162
1290;18,477579;77,393737
1291;18,476455;77,382019
1292;18,477439;77,386952
1293;18,498094;77,384769
1294;18,47105;77,39389
1295;18,492375;77,391024
1296;18,47464;77,390533
1297;18,480063;77,393425
1298;18,47546;77,386782
1299;18,462345;77,385432
1300;18,478285;77,396712
1301;18,476512;77,410634
1302;18,478913;77,400715
1303;18,485544;77,391664
1304;18,473015;77,386403
1305;18,486299;77,391136
1306;18,480606;77,378545
1307;18,482376;77,378155
1308;18,476355;77,398224
1309;18,485307;77,387044
1310;18,483536;77,399722
1311;18,482926;77,39151
1312;18,457492;77,391471
1313;18,490388;77,381074
1314;18,475961;77,395357
1315;18,484756;77,381606
1316;18,473442;77,393867
1317;18,481321;77,381517
1318;18,47248;77,396426
1319;18,486614;77,405899
1320;18,453197;77,403264
1321;18,456908;77,376137
1322;18,481467;77,388907
1323;18,480788;77,402029
1324;18,469357;77,394991
1325;18,473137;77,390534
1326;18,496361;77,38564
1327;18,481676;77,3844
1328;18,477281;77,383298
1329;18,462052;77,395611
1330;18,482003;77,39652
1331;18,468374;77,39101
1332;18,459389;77,38188
1333;18,482775;77,395187
1334;18,484316;77,389158
1335;18,478371;77,370354
1336;18,472204;77,395263
1337;18,475536;77,379828
1338;18,484277;77,389205
1339;18,471542;77,3954
1340;18,491179;77,401311
1341;18,471759;77,376685
1342;18,48227;77,38403
1343;18,479287;77,382412
1344;18,471152;77,379105
1345;18,466114;77,391625
1346;18,469616;77,390437
1347;18,480895;77,392385
1348;18,467033;77,39488
1349;18,492821;77,391937
1350;18,482054;77,392854
1351;18,475982;77,390705
1352;18,474094;77,380297
1353;18,469554;77,376334
1354;18,468729;77,389209
1355;18,462266;77,388468
1356;18,476251;77,379562
1357;18,50111;77,397471
1358;18,485693;77,391192
1359;18,464961;77,400553
1360;18,470789;77,396856
1361;18,497826;77,384883
1362;18,482977;77,387904
1363;18,468756;77,389134
1364;18,480277;77,385527
1365;18,46416;77,373654
1366;18,51043;77,376229
1367;18,483284;77,380671
1368;18,473591;77,374571
1369;18,487912;77,414445
1370;18,481435;77,389917
1371;18,468004;77,381177
1372;18,478277;77,389166
1373;18,488539;77,412883
1374;18,48468;77,390403
1375;18,480339;77,40003
1376;18,483664;77,411755
1377;18,479679;77,399261
1378;18,471588;77,370344
1379;18,488104;77,388992
1380;18,468264;77,384832
1381;18,474333;77,391805
1382;18,4753;77,395631
1383;18,485689;77,404596
1384;18,466832;77,385078
1385;18,487655;77,3762
1386;18,495649;77,383131
1387;18,488702;77,401786
1388;18,481674;77,391743
1389;18,48798;77,390633
1390;18,479016;77,402434
1391;18,497787;77,37855
1392;18,480851;77,388875
1393;18,488757;77,385301
1394;18,477942;77,389842
1395;18,480816;77,377304
1396;18,477183;77,382752
1397;18,494071;77,393974
1398;18,472774;77,392297
1399;18,498691;77,397623
1400;18,472638;77,394395
1401;18,486581;77,378203
1402;18,476434;77,388584
1403;18,480309;77,393194
1404;18,49866;77,377377
1405;18,467142;77,378335
1406;18,466202;77,388248
1407;18,474944;77,385742
1408;18,484212;77,397987
1409;18,484073;77,38681
1410;18,476214;77,414262
1411;18,480291;77,402012
1412;18,472002;77,387363
1413;18,483246;77,382455
1414;18,482318;77,38479
1415;18,474786;77,397006
1416;18,474024;77,374268
1417;18,490583;77,376822
1418;18,495102;77,390433
1419;18,476865;77,402217
1420;18,488918;77,405741
1421;18,471987;77,382999
1422;18,494078;77,390055
1423;18,472453;77,414829
1424;18,468212;77,378495
1425;18,469875;77,402559
1426;18,474138;77,386806
1427;18,49335;77,397754
1428;18,48697;77,392593
1429;18,493319;77,396137
1430;18,47392;77,379267
1431;18,470731;77,397579
1432;18,467072;77,391161
1433;18,471137;77,374587
1434;18,464958;77,386168
1435;18,486558;77,38368
1436;18,460953;77,389735
1437;18,474534;77,382629
1438;18,472726;77,395439
1439;18,458726;77,383252
1440;18,470831;77,393328
1441;18,483474;77,390927
1442;18,473674;77,401066
1443;18,48506;77,369096
1444;18,481028;77,39827
1445;18,501865;77,398563
1446;18,476583;77,398868
1447;18,4765;77,385532
1448;18,464222;77,3756
1449;18,484972;77,383829
1450;18,486877;77,391237
1451;18,460792;77,388664
1452;18,469774;77,380061
1453;18,498359;77,405001
1454;18,473694;77,389995
1455;18,457175;77,383762
1456;18,489773;77,402129
1457;18,4811;77,40133
1458;18,477293;77,408234
1459;18,479957;77,38935
1460;18,488632;77,385899
1461;18,476121;77,378582
1462;18,485061;77,376142
1463;18,477935;77,396434
1464;18,482806;77,407073
1465;18,476194;77,406056
1466;18,490179;77,387227
1467;18,494287;77,391588
1468;18,47278;77,397366
1469;18,467469;77,377774
1470;18,487993;77,385927
1471;18,485183;77,375205
1472;18,492691;77,379648
1473;18,462395;77,391289
1474;18,474197;77,392757
1475;18,469965;77,389126
1476;18,474038;77,393687
1477;18,480481;77,399264
1478;18,486137;77,39073
1479;18,491551;77,399744
1480;18,497205;77,405521
1481;18,487356;77,412872
1482;18,473211;77,398223
1483;18,462234;77,402151
1484;18,465706;77,370813
1485;18,500349;77,399712
1486;18,487281;77,384782
1487;18,491935;77,392983
1488;18,481967;77,38936
1489;18,487583;77,380661
1490;18,481319;77,384552
1491;18,4924;77,37192
1492;18,479288;77,390559
1493;18,491468;77,391961
1494;18,478288;77,3681
1495;18,47244;77,40372
1496;18,47795;77,382862
1497;18,484535;77,395816
1498;18,473631;77,3788
1499;18,473728;77,392644
1500;18,490177;77,395275
1501;18,474593;77,395367
1502;18,497056;77,387266
1503;18,465979;77,403917
1504;18,491347;77,393362
1505;18,469969;77,391663
1506;18,474215;77,397189
1507;18,497721;77,405282
1508;18,47719;77,40201
1509;18,503205;77,379474
1510;18,491868;77,380697
1511;18,487658;77,388745
1512;18,493788;77,371444
1513;18,475719;77,370442
1514;18,48542;77,394841
1515;18,477591;77,39208
1516;18,482309;77,388225
1517;18,480356;77,398706
1518;18,475381;77,378001
1519;18,490589;77,377669
1520;18,474357;77,40614
1521;18,478962;77,371995
1522;18,486575;77,389807
1523;18,470318;77,393405
1524;18,48415;77,383874
1525;18,481953;77,397442
1526;18,485093;77,409738
1527;18,477692;77,387068
1528;18,472428;77,395119
1529;18,466078;77,378484
1530;18,465654;77,393054
1531;18,478994;77,402412
1532;18,476755;77,3803
1533;18,479821;77,378957
1534;18,471863;77,38069
1535;18,476532;77,388254
1536;18,500441;77,388072
1537;18,466644;77,386233
1538;18,470212;77,381421
1539;18,47541;77,385652
1540;18,495922;77,400493
1541;18,471231;77,402418
1542;18,501646;77,393149
1543;18,496303;77,383281
1544;18,478037;77,390618
1545;18,496323;77,387034
1546;18,48412;77,383314
1547;18,482597;77,384462
1548;18,490751;77,406658
1549;18,479487;77,380283
1550;18,472003;77,385997
1551;18,486553;77,386872
1552;18,480676;77,365029
1553;18,479874;77,410473
1554;18,47959;77,370779
1555;18,471173;77,396941
1556;18,471403;77,393801
1557;18,494639;77,394624
1558;18,493676;77,401567
1559;18,494169;77,396814
1560;18,484956;77,400196
1561;18,488006;77,387756
1562;18,483198;77,388191
1563;18,495902;77,393851
1564;18,483401;77,387769
1565;18,464174;77,38137
1566;18,492944;77,381041
1567;18,475147;77,393602
1568;18,490099;77,399519
1569;18,478245;77,403769
1570;18,466078;77,394784
1571;18,483369;77,399691
1572;18,474767;77,388713
1573;18,487537;77,392164
1574;18,472028;77,392949
1575;18,467323;77,382753
1576;18,461332;77,38068
1577;18,482229;77,377467
1578;18,449131;77,390411
1579;18,475121;77,39555
1580;18,465024;77,368812
1581;18,495737;77,392313
1582;18,472033;77,391114
1583;18,470136;77,372784
1584;18,477494;77,409056
1585;18,481201;77,395974
1586;18,471596;77,393906
1587;18,476963;77,400997
1588;18,492795;77,386159
1589;18,480782;77,400504
1590;18,479653;77,398178
1591;18,495769;77,40853
1592;18,484079;77,406514
1593;18,475343;77,380083
1594;18,476915;77,367728
1595;18,505846;77,39829
1596;18,474388;77,406902
1597;18,481942;77,388347
1598;18,464012;77,383296
1599;18,483533;77,380823
1600;18,475061;77,395002
1601;18,483385;77,374992
1602;18,469358;77,369951
1603;18,478987;77,386057
1604;18,475463;77,379264
1605;18,483429;77,38816
1606;18,483601;77,405107
1607;18,484245;77,375913
1608;18,484283;77,382138
1609;18,493902;77,394794
1610;18,476053;77,378076
1611;18,463184;77,398355
1612;18,465821;77,378555
1613;18,500485;77,38656
1614;18,462875;77,366902
1615;18,480212;77,375147
1616;18,472031;77,401121
1617;18,457138;77,373291
1618;18,467442;77,390123
1619;18,490944;77,413513
1620;18,457472;77,386928
1621;18,467104;77,394285
1622;18,488728;77,399568
1623;18,489385;77,388569
1624;18,467515;77,383156
1625;18,486801;77,389753
1626;18,487526;77,385051
1627;18,482782;77,377041
1628;18,495822;77,392517
1629;18,479273;77,380961
1630;18,464586;77,401372
1631;18,479948;77,389913
1632;18,481788;77,383525
1633;18,477193;77,392155
1634;18,462774;77,383095
1635;18,483917;77,387525
1636;18,476841;77,371532
1637;18,477611;77,384872
1638;18,45921;77,377228
1639;18,47107;77,365672
1640;18,472926;77,383717
1641;18,492055;77,385904
1642;18,481572;77,370963
1643;18,444949;77,365404
1644;18,469751;77,39789
1645;18,480556;77,404459
1646;18,49045;77,400422
1647;18,494385;77,375319
1648;18,470071;77,380886
1649;18,490555;77,392583
1650;18,485254;77,408513
1651;18,478792;77,397314
1652;18,483647;77,380785
1653;18,473901;77,390408
1654;18,48389;77,392695
1655;18,465254;77,385635
1656;18,487906;77,391947
1657;18,48575;77,387615
1658;18,481892;77,383286
1659;18,488195;77,391109
1660;18,470615;77,375465
1661;18,468851;77,381683
1662;18,477282;77,404534
1663;18,467642;77,394702
1664;18,46427;77,404063
1665;18,45578;77,387176
1666;18,493313;77,388166
1667;18,492368;77,387946
1668;18,462709;77,391649
1669;18,495459;77,383099
1670;18,468036;77,383303
1671;18,488426;77,380822
1672;18,486387;77,398799
1673;18,488558;77,384333
1674;18,47712;77,396992
1675;18,477461;77,394115
1676;18,478117;77,387628
1677;18,481446;77,404481
1678;18,474239;77,387516
1679;18,492115;77,37355
1680;18,478367;77,382816
1681;18,481004;77,377188
1682;18,480507;77,391193
1683;18,466974;77,387729
1684;18,477766;77,388125
1685;18,493085;77,384041
1686;18,473566;77,397205
1687;18,485625;77,389065
1688;18,484387;77,390732
1689;18,481414;77,398037
1690;18,490921;77,401357
1691;18,474845;77,399351
1692;18,478098;77,387662
1693;18,485662;77,399015
1694;18,468914;77,369295
1695;18,463179;77,394138
1696;18,481148;77,374827
1697;18,471831;77,392977
1698;18,480089;77,397198
1699;18,49105;77,401858
1700;18,472692;77,387777
1701;18,482076;77,383534
1702;18,463975;77,390861
1703;18,480864;77,376166
1704;18,487469;77,402717
1705;18,47799;77,39621
1706;18,501716;77,383627
1707;18,475298;77,392063
1708;18,46518;77,379754
1709;18,474521;77,377408
1710;18,481717;77,391894
1711;18,475792;77,393604
1712;18,476703;77,405409
1713;18,486641;77,380535
1714;18,487234;77,38655
1715;18,472713;77,390834
1716;18,475654;77,377551
1717;18,486728;77,396686
1718;18,478315;77,391998
1719;18,480661;77,388692
1720;18,465513;77,384824
1721;18,46254;77,385371
1722;18,469511;77,389703
1723;18,497163;77,385277
1724;18,475142;77,391608
1725;18,477891;77,398649
1726;18,487972;77,395701
1727;18,469691;77,395919
1728;18,48474;77,398937
1729;18,489818;77,400346
1730;18,479287;77,378784
1731;18,486132;77,382699
1732;18,484386;77,38298
1733;18,476953;77,388178
1734;18,496806;77,397155
1735;18,488414;77,377254
1736;18,498092;77,407866
1737;18,456145;77,379792
1738;18,476181;77,397558
1739;18,484444;77,368942
1740;18,462893;77,402382
1741;18,477602;77,394008
1742;18,47182;77,397821
1743;18,491392;77,408473
1744;18,480087;77,394949
1745;18,487308;77,381967
1746;18,491968;77,387606
1747;18,492698;77,391472
1748;18,49235;77,381949
1749;18,490055;77,411592
1750;18,477985;77,375228
1751;18,474906;77,397719
1752;18,482008;77,398428
1753;18,480211;77,385267
1754;18,475822;77,390337
1755;18,487146;77,387229
1756;18,467328;77,377939
1757;18,475339;77,390191
1758;18,46521;77,401692
1759;18,487515;77,404089
1760;18,462866;77,406772
1761;18,453847;77,374968
1762;18,492089;77,385941
1763;18,508718;77,393007
1764;18,480392;77,387857
1765;18,494652;77,391382
1766;18,488637;77,393902
1767;18,477035;77,38097
1768;18,494669;77,397738
1769;18,482959;77,372819
1770;18,488831;77,390228
1771;18,468434;77,378101
1772;18,491377;77,404501
1773;18,47968;77,378159
1774;18,476615;77,395568
1775;18,470107;77,395059
1776;18,47528;77,395196
1777;18,462301;77,373744
1778;18,489472;77,383333
1779;18,486483;77,392131
1780;18,478134;77,375956
1781;18,494659;77,392811
1782;18,485576;77,387172
1783;18,467641;77,376074
1784;18,490484;77,407106
1785;18,468384;77,381879
1786;18,49362;77,386754
1787;18,476348;77,39986
1788;18,475775;77,376402
1789;18,482795;77,397005
1790;18,47044;77,392337
1791;18,491023;77,397626
1792;18,473896;77,407124
1793;18,476466;77,385919
1794;18,473738;77,389104
1795;18,471382;77,387981
1796;18,466607;77,398663
1797;18,472037;77,390274
1798;18,476853;77,391275
1799;18,492776;77,374246
1800;18,471524;77,383981
1801;18,470176;77,362002
1802;18,468375;77,381664
1803;18,471522;77,402389
1804;18,474935;77,393936
1805;18,494351;77,393974
1806;18,492342;77,398764
1807;18,476194;77,393808
1808;18,477738;77,380614
1809;18,476312;77,388218
1810;18,497633;77,390936
1811;18,488449;77,410879
1812;18,462647;77,392371
1813;18,468554;77,382158
1814;18,490916;77,393924
1815;18,478375;77,400573
1816;18,498941;77,416274
1817;18,485165;77,384274
1818;18,485057;77,374843
1819;18,478753;77,38867
1820;18,487526;77,397404
1821;18,471534;77,403291
1822;18,482901;77,380365
1823;18,484142;77,387022
1824;18,484828;77,385232
1825;18,464799;77,38433
1826;18,493981;77,389364
1827;18,476586;77,404662
1828;18,472258;77,386306
1829;18,474424;77,374516
1830;18,477069;77,399096
1831;18,466331;77,387986
1832;18,49844;77,388567
1833;18,477931;77,396
1834;18,475161;77,391573
1835;18,478077;77,39424
1836;18,488615;77,377698
1837;18,472751;77,401576
1838;18,487464;77,373151
1839;18,48686;77,396847
1840;18,477133;77,38809
1841;18,481569;77,404312
1842;18,482969;77,382646
1843;18,498533;77,384476
1844;18,476255;77,399574
1845;18,487505;77,402394
1846;18,490116;77,383015
1847;18,471045;77,404633
1848;18,491095;77,387665
1849;18,462669;77,390617
1850;18,489368;77,392312
1851;18,476131;77,393871
1852;18,474171;77,390412
1853;18,482566;77,391512
1854;18,473858;77,390046
1855;18,481734;77,386771
1856;18,488236;77,384818
1857;18,476081;77,383602
1858;18,470626;77,384056
1859;18,478475;77,381008
1860;18,481175;77,390534
1861;18,47982;77,391621
1862;18,488979;77,374368
1863;18,492877;77,38968
1864;18,479189;77,406094
1865;18,490776;77,38362
1866;18,502204;77,387899
1867;18,480285;77,400898
1868;18,468652;77,404185
1869;18,467447;77,414803
1870;18,507014;77,384821
1871;18,476286;77,398569
1872;18,483115;77,399002
1873;18,484137;77,384525
1874;18,471511;77,378864
1875;18,4874;77,389707
1876;18,484822;77,397318
1877;18,47331;77,383456
1878;18,493386;77,377331
1879;18,468101;77,392859
1880;18,479766;77,384912
1881;18,490511;77,385127
1882;18,476929;77,382984
1883;18,486562;77,385636
1884;18,464489;77,389178
1885;18,475636;77,397627
1886;18,480695;77,389989
1887;18,487585;77,388041
1888;18,470011;77,392327
1889;18,46198;77,391553
1890;18,478961;77,391044
1891;18,462266;77,386724
1892;18,481044;77,375689
1893;18,476812;77,39632
1894;18,496044;77,396661
1895;18,481351;77,383285
1896;18,468568;77,39972
1897;18,492237;77,397364
1898;18,478187;77,396767
1899;18,48686;77,393651
1900;18,470794;77,407708
1901;18,482125;77,379681
1902;18,469004;77,37024
1903;18,466505;77,397792
1904;18,482377;77,384154
1905;18,482684;77,385955
1906;18,482945;77,393567
1907;18,485208;77,393951
1908;18,490173;77,406233
1909;18,481272;77,38915
1910;18,462292;77,389554
1911;18,475694;77,379666
1912;18,487165;77,395762
1913;18,48872;77,407556
1914;18,478234;77,378266
1915;18,475561;77,410789
1916;18,480896;77,383355
1917;18,476753;77,382046
1918;18,508397;77,391799
1919;18,484714;77,392715
1920;18,476952;77,391889
1921;18,480918;77,391192
1922;18,478794;77,403062
1923;18,46964;77,388569
1924;18,47892;77,393119
1925;18,493049;77,401735
1926;18,478226;77,363652
1927;18,481422;77,409713
1928;18,492271;77,38507
1929;18,473903;77,397741
1930;18,471609;77,394204
1931;18,475565;77,38153
1932;18,458302;77,396709
1933;18,465535;77,377224
1934;18,482268;77,390413
1935;18,478358;77,398578
1936;18,4916;77,405533
1937;18,4791;77,386445
1938;18,471569;77,397293
1939;18,482217;77,395287
1940;18,496167;77,393901
1941;18,475672;77,37835
1942;18,484119;77,389027
1943;18,451461;77,411161
1944;18,485857;77,397226
1945;18,475643;77,389638
1946;18,488644;77,386788
1947;18,455826;77,391522
1948;18,48226;77,373432
1949;18,479139;77,365103
1950;18,481996;77,390552
1951;18,468625;77,394472
1952;18,492424;77,385241
1953;18,491505;77,395083
1954;18,483617;77,391793
1955;18,485449;77,395349
1956;18,475133;77,394529
1957;18,492394;77,379119
1958;18,492091;77,380928
1959;18,484159;77,382904
1960;18,483431;77,39497
1961;18,497319;77,398821
1962;18,489446;77,401047
1963;18,491423;77,389627
1964;18,475622;77,364122
1965;18,491473;77,403009
1966;18,480357;77,396968
1967;18,494855;77,398475
1968;18,473729;77,391968
1969;18,470803;77,399426
1970;18,487732;77,379902
1971;18,476858;77,393241
1972;18,493556;77,379563
1973;18,491332;77,393902
1974;18,474352;77,376905
1975;18,471465;77,387818
1976;18,477319;77,3912
1977;18,470464;77,394445
1978;18,473206;77,392708
1979;18,472625;77,395298
1980;18,476468;77,372127
1981;18,486262;77,385726
1982;18,499883;77,37921
1983;18,492703;77,398159
1984;18,476462;77,386675
1985;18,472838;77,386567
1986;18,484974;77,392976
1987;18,47005;77,382107
1988;18,48308;77,371253
1989;18,477034;77,39865
1990;18,470405;77,378335
1991;18,484518;77,390598
1992;18,488121;77,367332
1993;18,479349;77,395717
1994;18,472626;77,380295
1995;18,482197;77,389932
1996;18,492825;77,385671
1997;18,500391;77,383356
1998;18,475959;77,404888
1999;18,470526;77,373204
2000;18,46695;77,385226
